{"cameraMode":{"drawMode":0,"name":"Shaded","section":"Shading Mode"},"sceneLighting":true,"audioPlay":false,"sceneViewState":{"showFog":true,"showMaterialUpdate":false,"showSkybox":true,"showFlares":true,"showImageEffects":true,"showParticleSystems":true},"in2DMode":false,"pivot":{"x":437.8855895996094,"y":-92.74462890625,"z":325.13726806640627},"rotation":{"x":-0.36144059896469118,"y":0.6008793115615845,"z":-0.3494955599308014,"w":-0.6214171051979065},"size":760.0863037109375,"orthographic":false}