{"cameraMode":{"drawMode":0,"name":"Shaded","section":"Shading Mode"},"sceneLighting":true,"audioPlay":false,"sceneViewState":{"showFog":true,"showMaterialUpdate":false,"showSkybox":true,"showFlares":true,"showImageEffects":true,"showParticleSystems":true},"in2DMode":false,"pivot":{"x":-2.855062961578369,"y":-7.473030090332031,"z":6.64683723449707},"rotation":{"x":-0.44022825360298159,"y":0.03900708630681038,"z":-0.01914956606924534,"w":-0.8968476057052612},"size":7.604254245758057,"orthographic":false}