{"cameraMode":{"drawMode":0,"name":"Shaded","section":"Shading Mode"},"sceneLighting":true,"audioPlay":false,"sceneViewState":{"showFog":true,"showMaterialUpdate":false,"showSkybox":true,"showFlares":true,"showImageEffects":true,"showParticleSystems":true},"in2DMode":false,"pivot":{"x":384.7188720703125,"y":177.1681671142578,"z":-15.26763916015625},"rotation":{"x":-0.17912271618843079,"y":0.04779043421149254,"z":-0.008713185787200928,"w":-0.9826306104660034},"size":254.4434814453125,"orthographic":false}