{"cameraMode":{"drawMode":0,"name":"Shaded","section":"Shading Mode"},"sceneLighting":true,"audioPlay":false,"sceneViewState":{"showFog":true,"showMaterialUpdate":false,"showSkybox":true,"showFlares":true,"showImageEffects":true,"showParticleSystems":true},"in2DMode":false,"pivot":{"x":544.82763671875,"y":303.4930114746094,"z":-93.2557601928711},"rotation":{"x":0.010808480903506279,"y":0.012345965951681137,"z":-0.00009805135050555691,"w":0.9998989105224609},"size":241.19979858398438,"orthographic":false}