{"cameraMode":{"drawMode":0,"name":"Shaded","section":"Shading Mode"},"sceneLighting":false,"audioPlay":false,"sceneViewState":{"showFog":true,"showMaterialUpdate":false,"showSkybox":false,"showFlares":true,"showImageEffects":true,"showParticleSystems":true},"in2DMode":false,"pivot":{"x":12.985992431640625,"y":546.114013671875,"z":0.0},"rotation":{"x":0.010808480903506279,"y":0.012345965951681137,"z":-0.00009805135050555691,"w":0.9998989105224609},"size":10.750529289245606,"orthographic":false}