{"cameraMode":{"drawMode":0,"name":"Shaded","section":"Shading Mode"},"sceneLighting":true,"audioPlay":false,"sceneViewState":{"showFog":true,"showMaterialUpdate":false,"showSkybox":true,"showFlares":true,"showImageEffects":true,"showParticleSystems":true},"in2DMode":false,"pivot":{"x":1.4716874361038209,"y":-4.560298919677734,"z":9.367830276489258},"rotation":{"x":-0.25082963705062868,"y":-0.04441666975617409,"z":0.01152165699750185,"w":-0.9669467806816101},"size":6.964184761047363,"orthographic":false}